Date,Country,Demand,year,month,day_of_week
2010-12-01,Australia,107,2010,12,2
2010-12-01,EIRE,243,2010,12,2
2010-12-01,France,449,2010,12,2
2010-12-01,Germany,157,2010,12,2
2010-12-01,Netherlands,97,2010,12,2
2010-12-01,Norway,1852,2010,12,2
2010-12-01,United Kingdom,24014,2010,12,2
2010-12-02,EIRE,6,2010,12,3
2010-12-02,Germany,148,2010,12,3
2010-12-02,United Kingdom,31175,2010,12,3
2010-12-03,Belgium,528,2010,12,4
2010-12-03,EIRE,2575,2010,12,4
2010-12-03,France,239,2010,12,4
2010-12-03,Germany,170,2010,12,4
2010-12-03,Italy,164,2010,12,4
2010-12-03,Poland,140,2010,12,4
2010-12-03,Portugal,65,2010,12,4
2010-12-03,Spain,400,2010,12,4
2010-12-03,Switzerland,110,2010,12,4
2010-12-03,United Kingdom,11808,2010,12,4
2010-12-05,France,611,2010,12,6
2010-12-05,Germany,1361,2010,12,6
2010-12-05,Japan,196,2010,12,6
2010-12-05,Lithuania,622,2010,12,6
2010-12-05,United Kingdom,13660,2010,12,6
2010-12-06,EIRE,614,2010,12,0
2010-12-06,Germany,89,2010,12,0
2010-12-06,Portugal,53,2010,12,0
2010-12-06,United Kingdom,21039,2010,12,0
2010-12-07,France,752,2010,12,1
2010-12-07,Germany,155,2010,12,1
2010-12-07,Iceland,319,2010,12,1
2010-12-07,United Kingdom,23994,2010,12,1
2010-12-08,Australia,214,2010,12,2
2010-12-08,France,121,2010,12,2
2010-12-08,Germany,139,2010,12,2
2010-12-08,Lithuania,30,2010,12,2
2010-12-08,Norway,1730,2010,12,2
2010-12-08,Portugal,424,2010,12,2
2010-12-08,United Kingdom,20459,2010,12,2
2010-12-09,Channel Islands,80,2010,12,3
2010-12-09,Denmark,454,2010,12,3
2010-12-09,EIRE,287,2010,12,3
2010-12-09,France,1017,2010,12,3
2010-12-09,Germany,396,2010,12,3
2010-12-09,Japan,1488,2010,12,3
2010-12-09,Portugal,118,2010,12,3
2010-12-09,Spain,67,2010,12,3
2010-12-09,United Kingdom,16023,2010,12,3
2010-12-10,EIRE,379,2010,12,4
2010-12-10,France,418,2010,12,4
2010-12-10,Germany,1096,2010,12,4
2010-12-10,Portugal,131,2010,12,4
2010-12-10,United Kingdom,19073,2010,12,4
2010-12-12,Japan,2409,2010,12,6
2010-12-12,United Kingdom,8194,2010,12,6
2010-12-13,Germany,2,2010,12,0
2010-12-13,Spain,300,2010,12,0
2010-12-13,United Kingdom,17425,2010,12,0
2010-12-14,Cyprus,917,2010,12,1
2010-12-14,Sweden,240,2010,12,1
2010-12-14,United Kingdom,19127,2010,12,1
2010-12-15,France,134,2010,12,2
2010-12-15,United Kingdom,18359,2010,12,2
2010-12-16,EIRE,358,2010,12,3
2010-12-16,Finland,1254,2010,12,3
2010-12-16,France,3,2010,12,3
2010-12-16,United Kingdom,28328,2010,12,3
2010-12-17,Australia,146,2010,12,4
2010-12-17,Austria,51,2010,12,4
2010-12-17,Belgium,285,2010,12,4
2010-12-17,EIRE,701,2010,12,4
2010-12-17,France,398,2010,12,4
2010-12-17,Germany,1658,2010,12,4
2010-12-17,Portugal,193,2010,12,4
2010-12-17,Spain,100,2010,12,4
2010-12-17,Sweden,3714,2010,12,4
2010-12-17,United Kingdom,9701,2010,12,4
2010-12-19,EIRE,155,2010,12,6
2010-12-19,Germany,337,2010,12,6
2010-12-19,United Kingdom,3307,2010,12,6
2010-12-20,Bahrain,54,2010,12,0
2010-12-20,France,733,2010,12,0
2010-12-20,Germany,234,2010,12,0
2010-12-20,Netherlands,46,2010,12,0
2010-12-20,Switzerland,604,2010,12,0
2010-12-20,United Kingdom,13269,2010,12,0
2010-12-21,Belgium,188,2010,12,1
2010-12-21,EIRE,344,2010,12,1
2010-12-21,France,26,2010,12,1
2010-12-21,Italy,131,2010,12,1
2010-12-21,Netherlands,6668,2010,12,1
2010-12-21,United Kingdom,8256,2010,12,1
2010-12-22,Belgium,754,2010,12,2
2010-12-22,France,88,2010,12,2
2010-12-22,United Kingdom,2238,2010,12,2
2010-12-23,EIRE,108,2010,12,3
2010-12-23,Germany,935,2010,12,3
2010-12-23,United Kingdom,4711,2010,12,3
2011-01-04,Sweden,293,2011,1,1
2011-01-04,United Kingdom,8346,2011,1,1
2011-01-05,France,735,2011,1,2
2011-01-05,United Kingdom,19036,2011,1,2
2011-01-06,Australia,4802,2011,1,3
2011-01-06,France,443,2011,1,3
2011-01-06,United Kingdom,17883,2011,1,3
2011-01-07,France,596,2011,1,4
2011-01-07,Germany,2658,2011,1,4
2011-01-07,Spain,630,2011,1,4
2011-01-07,United Kingdom,13276,2011,1,4
2011-01-09,EIRE,85,2011,1,6
2011-01-09,France,78,2011,1,6
2011-01-09,Portugal,641,2011,1,6
2011-01-09,United Kingdom,7398,2011,1,6
2011-01-10,Australia,96,2011,1,0
2011-01-10,France,635,2011,1,0
2011-01-10,Germany,635,2011,1,0
2011-01-10,Israel,100,2011,1,0
2011-01-10,Spain,643,2011,1,0
2011-01-10,United Kingdom,10759,2011,1,0
2011-01-11,Australia,238,2011,1,1
2011-01-11,France,988,2011,1,1
2011-01-11,Germany,87,2011,1,1
2011-01-11,Spain,1483,2011,1,1
2011-01-11,United Kingdom,25652,2011,1,1
2011-01-12,Belgium,590,2011,1,2
2011-01-12,Cyprus,144,2011,1,2
2011-01-12,France,682,2011,1,2
2011-01-12,Germany,97,2011,1,2
2011-01-12,United Kingdom,9109,2011,1,2
2011-01-13,Germany,100,2011,1,3
2011-01-13,Italy,748,2011,1,3
2011-01-13,United Kingdom,9326,2011,1,3
2011-01-14,Australia,60,2011,1,4
2011-01-14,EIRE,6198,2011,1,4
2011-01-14,France,1072,2011,1,4
2011-01-14,Germany,248,2011,1,4
2011-01-14,Netherlands,8210,2011,1,4
2011-01-14,United Kingdom,7361,2011,1,4
2011-01-16,United Kingdom,4204,2011,1,6
2011-01-17,Australia,204,2011,1,0
2011-01-17,France,268,2011,1,0
2011-01-17,Germany,583,2011,1,0
2011-01-17,Poland,288,2011,1,0
2011-01-17,United Kingdom,12054,2011,1,0
2011-01-18,EIRE,287,2011,1,1
2011-01-18,Germany,113,2011,1,1
2011-01-18,Portugal,1216,2011,1,1
2011-01-18,Spain,294,2011,1,1
2011-01-18,United Kingdom,81068,2011,1,1
2011-01-19,Australia,113,2011,1,2
2011-01-19,France,386,2011,1,2
2011-01-19,Germany,37,2011,1,2
2011-01-19,Netherlands,6072,2011,1,2
2011-01-19,Spain,48,2011,1,2
2011-01-19,Switzerland,2653,2011,1,2
2011-01-19,United Kingdom,8078,2011,1,2
2011-01-20,Australia,21,2011,1,3
2011-01-20,Belgium,94,2011,1,3
2011-01-20,EIRE,1332,2011,1,3
2011-01-20,France,708,2011,1,3
2011-01-20,Netherlands,288,2011,1,3
2011-01-20,United Kingdom,8046,2011,1,3
2011-01-21,Finland,164,2011,1,4
2011-01-21,Italy,145,2011,1,4
2011-01-21,Netherlands,5730,2011,1,4
2011-01-21,United Kingdom,9266,2011,1,4
2011-01-23,France,126,2011,1,6
2011-01-23,United Kingdom,5115,2011,1,6
2011-01-24,EIRE,47,2011,1,0
2011-01-24,France,84,2011,1,0
2011-01-24,Germany,1203,2011,1,0
2011-01-24,Greece,526,2011,1,0
2011-01-24,Hong Kong,1121,2011,1,0
2011-01-24,Spain,104,2011,1,0
2011-01-24,United Kingdom,8944,2011,1,0
2011-01-25,Belgium,108,2011,1,1
2011-01-25,Finland,601,2011,1,1
2011-01-25,France,2,2011,1,1
2011-01-25,Germany,1145,2011,1,1
2011-01-25,Singapore,1091,2011,1,1
2011-01-25,United Kingdom,12667,2011,1,1
2011-01-26,EIRE,690,2011,1,2
2011-01-26,Germany,692,2011,1,2
2011-01-26,Iceland,315,2011,1,2
2011-01-26,Italy,228,2011,1,2
2011-01-26,Portugal,237,2011,1,2
2011-01-26,United Kingdom,8806,2011,1,2
2011-01-27,Channel Islands,259,2011,1,3
2011-01-27,EIRE,155,2011,1,3
2011-01-27,Germany,410,2011,1,3
2011-01-27,Lebanon,386,2011,1,3
2011-01-27,Spain,643,2011,1,3
2011-01-27,United Kingdom,9461,2011,1,3
2011-01-28,Australia,110,2011,1,4
2011-01-28,France,574,2011,1,4
2011-01-28,Sweden,2804,2011,1,4
2011-01-28,Switzerland,340,2011,1,4
2011-01-28,United Kingdom,6024,2011,1,4
2011-01-30,United Kingdom,3431,2011,1,6
2011-01-31,France,1822,2011,1,0
2011-01-31,Germany,1069,2011,1,0
2011-01-31,Netherlands,117,2011,1,0
2011-01-31,United Kingdom,10407,2011,1,0
2011-02-01,Austria,197,2011,2,1
2011-02-01,EIRE,463,2011,2,1
2011-02-01,France,200,2011,2,1
2011-02-01,Germany,61,2011,2,1
2011-02-01,Netherlands,113,2011,2,1
2011-02-01,Spain,193,2011,2,1
2011-02-01,Sweden,250,2011,2,1
2011-02-01,United Kingdom,14357,2011,2,1
2011-02-02,Austria,145,2011,2,2
2011-02-02,EIRE,4,2011,2,2
2011-02-02,France,368,2011,2,2
2011-02-02,Germany,36,2011,2,2
2011-02-02,Norway,197,2011,2,2
2011-02-02,United Kingdom,8979,2011,2,2
2011-02-03,Belgium,21,2011,2,3
2011-02-03,EIRE,270,2011,2,3
2011-02-03,Germany,469,2011,2,3
2011-02-03,Spain,171,2011,2,3
2011-02-03,United Kingdom,14788,2011,2,3
2011-02-04,EIRE,75,2011,2,4
2011-02-04,France,617,2011,2,4
2011-02-04,Japan,37,2011,2,4
2011-02-04,Poland,98,2011,2,4
2011-02-04,Switzerland,211,2011,2,4
2011-02-04,United Kingdom,11667,2011,2,4
2011-02-06,United Kingdom,2048,2011,2,6
2011-02-07,Australia,79,2011,2,0
2011-02-07,Cyprus,494,2011,2,0
2011-02-07,United Kingdom,8570,2011,2,0
2011-02-08,France,216,2011,2,1
2011-02-08,Netherlands,1126,2011,2,1
2011-02-08,Poland,199,2011,2,1
2011-02-08,United Kingdom,8588,2011,2,1
2011-02-09,Belgium,11,2011,2,2
2011-02-09,France,301,2011,2,2
2011-02-09,Germany,160,2011,2,2
2011-02-09,Japan,2962,2011,2,2
2011-02-09,Spain,287,2011,2,2
2011-02-09,United Kingdom,3444,2011,2,2
2011-02-10,France,454,2011,2,3
2011-02-10,Germany,228,2011,2,3
2011-02-10,United Kingdom,11211,2011,2,3
2011-02-11,Belgium,262,2011,2,4
2011-02-11,Germany,639,2011,2,4
2011-02-11,United Kingdom,9623,2011,2,4
2011-02-13,United Kingdom,2756,2011,2,6
2011-02-14,EIRE,1502,2011,2,0
2011-02-14,Germany,459,2011,2,0
2011-02-14,Spain,219,2011,2,0
2011-02-14,United Arab Emirates,496,2011,2,0
2011-02-14,United Kingdom,10919,2011,2,0
2011-02-15,Australia,8384,2011,2,1
2011-02-15,Channel Islands,935,2011,2,1
2011-02-15,EIRE,2402,2011,2,1
2011-02-15,France,98,2011,2,1
2011-02-15,United Kingdom,10875,2011,2,1
2011-02-16,Cyprus,1522,2011,2,2
2011-02-16,Denmark,224,2011,2,2
2011-02-16,France,777,2011,2,2
2011-02-16,Israel,286,2011,2,2
2011-02-16,Norway,98,2011,2,2
2011-02-16,United Kingdom,13249,2011,2,2
2011-02-17,Belgium,508,2011,2,3
2011-02-17,Cyprus,1,2011,2,3
2011-02-17,EIRE,87,2011,2,3
2011-02-17,France,116,2011,2,3
2011-02-17,Germany,380,2011,2,3
2011-02-17,United Kingdom,13336,2011,2,3
2011-02-18,EIRE,61,2011,2,4
2011-02-18,France,768,2011,2,4
2011-02-18,Germany,108,2011,2,4
2011-02-18,Italy,111,2011,2,4
2011-02-18,United Kingdom,8133,2011,2,4
2011-02-20,United Kingdom,5353,2011,2,6
2011-02-21,Belgium,194,2011,2,0
2011-02-21,Cyprus,174,2011,2,0
2011-02-21,EIRE,472,2011,2,0
2011-02-21,France,334,2011,2,0
2011-02-21,Germany,791,2011,2,0
2011-02-21,Netherlands,12208,2011,2,0
2011-02-21,Portugal,454,2011,2,0
2011-02-21,United Kingdom,6962,2011,2,0
2011-02-22,Netherlands,2940,2011,2,1
2011-02-22,United Kingdom,18962,2011,2,1
2011-02-23,EIRE,668,2011,2,2
2011-02-23,France,362,2011,2,2
2011-02-23,Germany,201,2011,2,2
2011-02-23,United Kingdom,12536,2011,2,2
2011-02-24,Finland,141,2011,2,3
2011-02-24,Saudi Arabia,80,2011,2,3
2011-02-24,Switzerland,560,2011,2,3
2011-02-24,United Kingdom,11115,2011,2,3
2011-02-25,Belgium,91,2011,2,4
2011-02-25,Germany,713,2011,2,4
2011-02-25,Switzerland,66,2011,2,4
2011-02-25,United Kingdom,9703,2011,2,4
2011-02-27,Australia,217,2011,2,6
2011-02-27,France,71,2011,2,6
2011-02-27,United Kingdom,4582,2011,2,6
2011-02-28,Belgium,15,2011,2,0
2011-02-28,Czech Republic,346,2011,2,0
2011-02-28,France,658,2011,2,0
2011-02-28,Portugal,104,2011,2,0
2011-02-28,Switzerland,270,2011,2,0
2011-02-28,United Kingdom,8513,2011,2,0
2011-03-01,Belgium,171,2011,3,1
2011-03-01,EIRE,669,2011,3,1
2011-03-01,Finland,2127,2011,3,1
2011-03-01,France,580,2011,3,1
2011-03-01,Germany,384,2011,3,1
2011-03-01,Norway,29,2011,3,1
2011-03-01,United Kingdom,8185,2011,3,1
2011-03-02,Channel Islands,459,2011,3,2
2011-03-02,Japan,6,2011,3,2
2011-03-02,United Kingdom,8152,2011,3,2
2011-03-03,Australia,10272,2011,3,3
2011-03-03,Austria,53,2011,3,3
2011-03-03,Belgium,126,2011,3,3
2011-03-03,France,342,2011,3,3
2011-03-03,Germany,536,2011,3,3
2011-03-03,United Kingdom,8798,2011,3,3
2011-03-04,EIRE,857,2011,3,4
2011-03-04,France,125,2011,3,4
2011-03-04,Greece,289,2011,3,4
2011-03-04,Italy,84,2011,3,4
2011-03-04,Japan,3,2011,3,4
2011-03-04,Spain,397,2011,3,4
2011-03-04,United Kingdom,11817,2011,3,4
2011-03-06,United Kingdom,5049,2011,3,6
2011-03-07,Germany,358,2011,3,0
2011-03-07,Japan,12,2011,3,0
2011-03-07,United Kingdom,13660,2011,3,0
2011-03-08,Germany,437,2011,3,1
2011-03-08,Portugal,1109,2011,3,1
2011-03-08,United Kingdom,13021,2011,3,1
2011-03-09,Australia,90,2011,3,2
2011-03-09,Channel Islands,944,2011,3,2
2011-03-09,Netherlands,277,2011,3,2
2011-03-09,Switzerland,314,2011,3,2
2011-03-09,United Kingdom,10293,2011,3,2
2011-03-10,Channel Islands,701,2011,3,3
2011-03-10,Cyprus,1005,2011,3,3
2011-03-10,EIRE,3416,2011,3,3
2011-03-10,Sweden,144,2011,3,3
2011-03-10,United Kingdom,10318,2011,3,3
2011-03-11,EIRE,2,2011,3,4
2011-03-11,France,325,2011,3,4
2011-03-11,Germany,618,2011,3,4
2011-03-11,United Kingdom,9577,2011,3,4
2011-03-13,France,185,2011,3,6
2011-03-13,United Kingdom,2564,2011,3,6
2011-03-14,Belgium,91,2011,3,0
2011-03-14,Canada,88,2011,3,0
2011-03-14,EIRE,936,2011,3,0
2011-03-14,France,187,2011,3,0
2011-03-14,Netherlands,152,2011,3,0
2011-03-14,Sweden,5156,2011,3,0
2011-03-14,United Kingdom,10155,2011,3,0
2011-03-15,EIRE,1174,2011,3,1
2011-03-15,France,317,2011,3,1
2011-03-15,Hong Kong,1,2011,3,1
2011-03-15,Poland,162,2011,3,1
2011-03-15,United Kingdom,7306,2011,3,1
2011-03-16,France,160,2011,3,2
2011-03-16,Germany,50,2011,3,2
2011-03-16,Spain,405,2011,3,2
2011-03-16,United Kingdom,12332,2011,3,2
2011-03-17,Denmark,879,2011,3,3
2011-03-17,EIRE,417,2011,3,3
2011-03-17,Germany,763,2011,3,3
2011-03-17,Italy,440,2011,3,3
2011-03-17,Norway,63,2011,3,3
2011-03-17,United Kingdom,18440,2011,3,3
2011-03-18,EIRE,265,2011,3,4
2011-03-18,Germany,1252,2011,3,4
2011-03-18,United Kingdom,12465,2011,3,4
2011-03-20,Belgium,215,2011,3,6
2011-03-20,EIRE,73,2011,3,6
2011-03-20,Finland,63,2011,3,6
2011-03-20,France,423,2011,3,6
2011-03-20,Germany,114,2011,3,6
2011-03-20,United Kingdom,13307,2011,3,6
2011-03-21,Belgium,139,2011,3,0
2011-03-21,France,90,2011,3,0
2011-03-21,United Kingdom,10082,2011,3,0
2011-03-22,France,201,2011,3,1
2011-03-22,Germany,976,2011,3,1
2011-03-22,Netherlands,170,2011,3,1
2011-03-22,Norway,64,2011,3,1
2011-03-22,Spain,335,2011,3,1
2011-03-22,United Kingdom,14821,2011,3,1
2011-03-23,Austria,929,2011,3,2
2011-03-23,Belgium,685,2011,3,2
2011-03-23,France,1233,2011,3,2
2011-03-23,Portugal,125,2011,3,2
2011-03-23,United Kingdom,11418,2011,3,2
2011-03-24,Australia,77,2011,3,3
2011-03-24,Belgium,356,2011,3,3
2011-03-24,EIRE,114,2011,3,3
2011-03-24,Portugal,1,2011,3,3
2011-03-24,Spain,512,2011,3,3
2011-03-24,Sweden,107,2011,3,3
2011-03-24,United Kingdom,17073,2011,3,3
2011-03-25,EIRE,533,2011,3,4
2011-03-25,France,264,2011,3,4
2011-03-25,Germany,1134,2011,3,4
2011-03-25,Netherlands,835,2011,3,4
2011-03-25,Spain,346,2011,3,4
2011-03-25,Switzerland,227,2011,3,4
2011-03-25,United Kingdom,10757,2011,3,4
2011-03-27,France,61,2011,3,6
2011-03-27,United Kingdom,4469,2011,3,6
2011-03-28,EIRE,745,2011,3,0
2011-03-28,France,848,2011,3,0
2011-03-28,Germany,850,2011,3,0
2011-03-28,Italy,164,2011,3,0
2011-03-28,Portugal,217,2011,3,0
2011-03-28,Spain,550,2011,3,0
2011-03-28,United Kingdom,8889,2011,3,0
2011-03-29,EIRE,334,2011,3,1
2011-03-29,Netherlands,12186,2011,3,1
2011-03-29,United Kingdom,20283,2011,3,1
2011-03-30,Finland,346,2011,3,2
2011-03-30,Germany,174,2011,3,2
2011-03-30,Netherlands,1208,2011,3,2
2011-03-30,Switzerland,445,2011,3,2
2011-03-30,United Kingdom,18536,2011,3,2
2011-03-31,EIRE,45,2011,3,3
2011-03-31,France,3349,2011,3,3
2011-03-31,Germany,93,2011,3,3
2011-03-31,Portugal,174,2011,3,3
2011-03-31,United Kingdom,13225,2011,3,3
2011-04-01,Australia,1,2011,4,4
2011-04-01,EIRE,713,2011,4,4
2011-04-01,France,328,2011,4,4
2011-04-01,Germany,115,2011,4,4
2011-04-01,Israel,30,2011,4,4
2011-04-01,United Kingdom,17307,2011,4,4
2011-04-03,United Kingdom,5679,2011,4,6
2011-04-04,EIRE,1239,2011,4,0
2011-04-04,France,298,2011,4,0
2011-04-04,Germany,390,2011,4,0
2011-04-04,Singapore,5,2011,4,0
2011-04-04,United Kingdom,12081,2011,4,0
2011-04-05,Finland,269,2011,4,1
2011-04-05,France,1,2011,4,1
2011-04-05,Japan,1626,2011,4,1
2011-04-05,Netherlands,1336,2011,4,1
2011-04-05,Poland,432,2011,4,1
2011-04-05,Singapore,1384,2011,4,1
2011-04-05,United Kingdom,10947,2011,4,1
2011-04-06,EIRE,655,2011,4,2
2011-04-06,United Kingdom,8515,2011,4,2
2011-04-07,Belgium,248,2011,4,3
2011-04-07,EIRE,390,2011,4,3
2011-04-07,France,239,2011,4,3
2011-04-07,Germany,238,2011,4,3
2011-04-07,Iceland,483,2011,4,3
2011-04-07,Italy,445,2011,4,3
2011-04-07,United Kingdom,8502,2011,4,3
2011-04-08,Australia,224,2011,4,4
2011-04-08,Germany,845,2011,4,4
2011-04-08,Greece,262,2011,4,4
2011-04-08,Portugal,370,2011,4,4
2011-04-08,United Kingdom,11313,2011,4,4
2011-04-10,Belgium,190,2011,4,6
2011-04-10,United Kingdom,5442,2011,4,6
2011-04-11,EIRE,590,2011,4,0
2011-04-11,Finland,237,2011,4,0
2011-04-11,Germany,464,2011,4,0
2011-04-11,Spain,156,2011,4,0
2011-04-11,United Kingdom,11911,2011,4,0
2011-04-11,Unspecified,282,2011,4,0
2011-04-12,Belgium,189,2011,4,1
2011-04-12,Hong Kong,732,2011,4,1
2011-04-12,United Kingdom,14420,2011,4,1
2011-04-13,Channel Islands,97,2011,4,2
2011-04-13,Portugal,581,2011,4,2
2011-04-13,United Kingdom,18091,2011,4,2
2011-04-14,France,287,2011,4,3
2011-04-14,Germany,1208,2011,4,3
2011-04-14,Switzerland,196,2011,4,3
2011-04-14,United Kingdom,17186,2011,4,3
2011-04-15,Belgium,77,2011,4,4
2011-04-15,Brazil,356,2011,4,4
2011-04-15,Finland,159,2011,4,4
2011-04-15,Sweden,201,2011,4,4
2011-04-15,Switzerland,101,2011,4,4
2011-04-15,United Kingdom,11835,2011,4,4
2011-04-17,EIRE,151,2011,4,6
2011-04-17,France,402,2011,4,6
2011-04-17,United Kingdom,7630,2011,4,6
2011-04-18,Belgium,204,2011,4,0
2011-04-18,Germany,1,2011,4,0
2011-04-18,Japan,6432,2011,4,0
2011-04-18,United Kingdom,23207,2011,4,0
2011-04-19,EIRE,234,2011,4,1
2011-04-19,Germany,1503,2011,4,1
2011-04-19,Italy,208,2011,4,1
2011-04-19,USA,137,2011,4,1
2011-04-19,United Kingdom,12400,2011,4,1
2011-04-20,France,200,2011,4,2
2011-04-20,Germany,232,2011,4,2
2011-04-20,Switzerland,100,2011,4,2
2011-04-20,United Kingdom,17844,2011,4,2
2011-04-21,Finland,153,2011,4,3
2011-04-21,France,301,2011,4,3
2011-04-21,Germany,215,2011,4,3
2011-04-21,Spain,530,2011,4,3
2011-04-21,Switzerland,489,2011,4,3
2011-04-21,United Kingdom,16528,2011,4,3
2011-04-26,Austria,311,2011,4,1
2011-04-26,European Community,34,2011,4,1
2011-04-26,France,84,2011,4,1
2011-04-26,United Kingdom,15726,2011,4,1
2011-04-27,EIRE,163,2011,4,2
2011-04-27,Germany,468,2011,4,2
2011-04-27,Sweden,109,2011,4,2
2011-04-27,United Kingdom,17509,2011,4,2
2011-04-28,Belgium,275,2011,4,3
2011-04-28,France,147,2011,4,3
2011-04-28,Germany,85,2011,4,3
2011-04-28,Netherlands,432,2011,4,3
2011-04-28,Spain,267,2011,4,3
2011-04-28,United Kingdom,12206,2011,4,3
2011-05-01,Germany,647,2011,5,6
2011-05-01,United Kingdom,3172,2011,5,6
2011-05-03,EIRE,532,2011,5,1
2011-05-03,France,1046,2011,5,1
2011-05-03,United Kingdom,10888,2011,5,1
2011-05-04,Canada,504,2011,5,2
2011-05-04,Germany,506,2011,5,2
2011-05-04,Spain,747,2011,5,2
2011-05-04,United Kingdom,15628,2011,5,2
2011-05-05,Belgium,72,2011,5,3
2011-05-05,EIRE,193,2011,5,3
2011-05-05,France,100,2011,5,3
2011-05-05,Germany,69,2011,5,3
2011-05-05,Poland,116,2011,5,3
2011-05-05,Switzerland,1771,2011,5,3
2011-05-05,United Kingdom,15158,2011,5,3
2011-05-06,Austria,42,2011,5,4
2011-05-06,Belgium,182,2011,5,4
2011-05-06,EIRE,1694,2011,5,4
2011-05-06,Germany,224,2011,5,4
2011-05-06,Spain,88,2011,5,4
2011-05-06,United Kingdom,17717,2011,5,4
2011-05-08,EIRE,446,2011,5,6
2011-05-08,France,779,2011,5,6
2011-05-08,United Kingdom,9477,2011,5,6
2011-05-09,Bahrain,240,2011,5,0
2011-05-09,France,497,2011,5,0
2011-05-09,Germany,380,2011,5,0
2011-05-09,Switzerland,114,2011,5,0
2011-05-09,United Kingdom,12126,2011,5,0
2011-05-10,Belgium,494,2011,5,1
2011-05-10,EIRE,349,2011,5,1
2011-05-10,France,460,2011,5,1
2011-05-10,Germany,313,2011,5,1
2011-05-10,United Kingdom,17532,2011,5,1
2011-05-10,Unspecified,654,2011,5,1
2011-05-11,Denmark,368,2011,5,2
2011-05-11,France,1593,2011,5,2
2011-05-11,Germany,204,2011,5,2
2011-05-11,Netherlands,279,2011,5,2
2011-05-11,Sweden,2,2011,5,2
2011-05-11,United Kingdom,16467,2011,5,2
2011-05-12,Australia,184,2011,5,3
2011-05-12,Belgium,83,2011,5,3
2011-05-12,France,106,2011,5,3
2011-05-12,Germany,5825,2011,5,3
2011-05-12,Netherlands,13262,2011,5,3
2011-05-12,Portugal,312,2011,5,3
2011-05-12,Sweden,2794,2011,5,3
2011-05-12,United Kingdom,15263,2011,5,3
2011-05-13,France,505,2011,5,4
2011-05-13,Germany,324,2011,5,4
2011-05-13,Hong Kong,1262,2011,5,4
2011-05-13,Japan,743,2011,5,4
2011-05-13,United Kingdom,12412,2011,5,4
2011-05-15,EIRE,139,2011,5,6
2011-05-15,France,141,2011,5,6
2011-05-15,United Kingdom,4618,2011,5,6
2011-05-16,EIRE,2274,2011,5,0
2011-05-16,France,283,2011,5,0
2011-05-16,United Kingdom,13462,2011,5,0
2011-05-17,Australia,8268,2011,5,1
2011-05-17,Belgium,168,2011,5,1
2011-05-17,Channel Islands,1,2011,5,1
2011-05-17,EIRE,428,2011,5,1
2011-05-17,France,479,2011,5,1
2011-05-17,Germany,530,2011,5,1
2011-05-17,United Kingdom,16936,2011,5,1
2011-05-18,EIRE,636,2011,5,2
2011-05-18,France,334,2011,5,2
2011-05-18,Netherlands,412,2011,5,2
2011-05-18,Sweden,37,2011,5,2
2011-05-18,United Kingdom,17640,2011,5,2
2011-05-19,Bahrain,20,2011,5,3
2011-05-19,Channel Islands,223,2011,5,3
2011-05-19,EIRE,397,2011,5,3
2011-05-19,France,562,2011,5,3
2011-05-19,Germany,1270,2011,5,3
2011-05-19,United Kingdom,15523,2011,5,3
2011-05-19,Unspecified,149,2011,5,3
2011-05-20,Australia,316,2011,5,4
2011-05-20,EIRE,226,2011,5,4
2011-05-20,France,473,2011,5,4
2011-05-20,Netherlands,128,2011,5,4
2011-05-20,United Kingdom,14271,2011,5,4
2011-05-22,France,298,2011,5,6
2011-05-22,Germany,968,2011,5,6
2011-05-22,United Kingdom,11483,2011,5,6
2011-05-23,Australia,231,2011,5,0
2011-05-23,Austria,434,2011,5,0
2011-05-23,Belgium,179,2011,5,0
2011-05-23,EIRE,401,2011,5,0
2011-05-23,France,306,2011,5,0
2011-05-23,Germany,451,2011,5,0
2011-05-23,Portugal,3,2011,5,0
2011-05-23,United Kingdom,16218,2011,5,0
2011-05-24,France,210,2011,5,1
2011-05-24,Germany,121,2011,5,1
2011-05-24,United Kingdom,15606,2011,5,1
2011-05-25,France,742,2011,5,2
2011-05-25,Netherlands,960,2011,5,2
2011-05-25,Poland,500,2011,5,2
2011-05-25,United Kingdom,10967,2011,5,2
2011-05-26,EIRE,313,2011,5,3
2011-05-26,France,514,2011,5,3
2011-05-26,Germany,533,2011,5,3
2011-05-26,Netherlands,4664,2011,5,3
2011-05-26,Spain,25,2011,5,3
2011-05-26,United Kingdom,10215,2011,5,3
2011-05-27,Belgium,651,2011,5,4
2011-05-27,France,157,2011,5,4
2011-05-27,Germany,342,2011,5,4
2011-05-27,United Kingdom,15070,2011,5,4
2011-05-29,Germany,258,2011,5,6
2011-05-29,United Kingdom,3866,2011,5,6
2011-05-31,France,203,2011,5,1
2011-05-31,Germany,32,2011,5,1
2011-05-31,Italy,267,2011,5,1
2011-05-31,Netherlands,231,2011,5,1
2011-05-31,Spain,608,2011,5,1
2011-05-31,Switzerland,364,2011,5,1
2011-05-31,United Kingdom,10058,2011,5,1
2011-06-01,Belgium,57,2011,6,2
2011-06-01,Germany,557,2011,6,2
2011-06-01,Netherlands,2874,2011,6,2
2011-06-01,United Kingdom,7502,2011,6,2
2011-06-02,Germany,1073,2011,6,3
2011-06-02,Sweden,54,2011,6,3
2011-06-02,United Kingdom,13470,2011,6,3
2011-06-03,Cyprus,356,2011,6,4
2011-06-03,Germany,23,2011,6,4
2011-06-03,Netherlands,329,2011,6,4
2011-06-03,Poland,4,2011,6,4
2011-06-03,Spain,107,2011,6,4
2011-06-03,United Kingdom,6871,2011,6,4
2011-06-05,Belgium,524,2011,6,6
2011-06-05,European Community,127,2011,6,6
2011-06-05,France,1909,2011,6,6
2011-06-05,Germany,529,2011,6,6
2011-06-05,United Kingdom,10412,2011,6,6
2011-06-06,EIRE,404,2011,6,0
2011-06-06,European Community,3,2011,6,0
2011-06-06,France,115,2011,6,0
2011-06-06,Germany,295,2011,6,0
2011-06-06,Netherlands,314,2011,6,0
2011-06-06,Spain,173,2011,6,0
2011-06-06,United Kingdom,8158,2011,6,0
2011-06-07,Belgium,293,2011,6,1
2011-06-07,EIRE,192,2011,6,1
2011-06-07,Italy,31,2011,6,1
2011-06-07,Portugal,146,2011,6,1
2011-06-07,United Kingdom,18106,2011,6,1
2011-06-08,Belgium,20,2011,6,2
2011-06-08,EIRE,2582,2011,6,2
2011-06-08,France,1344,2011,6,2
2011-06-08,Malta,378,2011,6,2
2011-06-08,Portugal,55,2011,6,2
2011-06-08,Switzerland,245,2011,6,2
2011-06-08,United Kingdom,16660,2011,6,2
2011-06-09,Belgium,145,2011,6,3
2011-06-09,Denmark,793,2011,6,3
2011-06-09,EIRE,507,2011,6,3
2011-06-09,France,787,2011,6,3
2011-06-09,Germany,117,2011,6,3
2011-06-09,Iceland,196,2011,6,3
2011-06-09,Italy,24,2011,6,3
2011-06-09,Netherlands,85,2011,6,3
2011-06-09,Spain,445,2011,6,3
2011-06-09,Sweden,188,2011,6,3
2011-06-09,United Kingdom,25019,2011,6,3
2011-06-10,France,164,2011,6,4
2011-06-10,Germany,92,2011,6,4
2011-06-10,Switzerland,3142,2011,6,4
2011-06-10,United Kingdom,7271,2011,6,4
2011-06-12,France,716,2011,6,6
2011-06-12,Germany,345,2011,6,6
2011-06-12,United Kingdom,8430,2011,6,6
2011-06-13,EIRE,427,2011,6,0
2011-06-13,France,904,2011,6,0
2011-06-13,Germany,1309,2011,6,0
2011-06-13,United Kingdom,8662,2011,6,0
2011-06-14,United Kingdom,14624,2011,6,1
2011-06-15,Australia,15241,2011,6,2
2011-06-15,EIRE,3026,2011,6,2
2011-06-15,France,1007,2011,6,2
2011-06-15,Portugal,220,2011,6,2
2011-06-15,United Kingdom,10971,2011,6,2
2011-06-16,EIRE,268,2011,6,3
2011-06-16,France,270,2011,6,3
2011-06-16,Germany,471,2011,6,3
2011-06-16,Poland,77,2011,6,3
2011-06-16,Spain,424,2011,6,3
2011-06-16,United Kingdom,18783,2011,6,3
2011-06-17,Belgium,598,2011,6,4
2011-06-17,Channel Islands,836,2011,6,4
2011-06-17,EIRE,356,2011,6,4
2011-06-17,France,514,2011,6,4
2011-06-17,United Kingdom,9453,2011,6,4
2011-06-19,EIRE,84,2011,6,6
2011-06-19,France,63,2011,6,6
2011-06-19,Netherlands,4718,2011,6,6
2011-06-19,Spain,340,2011,6,6
2011-06-19,United Kingdom,9876,2011,6,6
2011-06-20,Canada,1092,2011,6,0
2011-06-20,Denmark,393,2011,6,0
2011-06-20,EIRE,2,2011,6,0
2011-06-20,France,262,2011,6,0
2011-06-20,Germany,1357,2011,6,0
2011-06-20,Netherlands,61,2011,6,0
2011-06-20,Norway,1426,2011,6,0
2011-06-20,United Kingdom,11936,2011,6,0
2011-06-20,Unspecified,78,2011,6,0
2011-06-21,EIRE,49,2011,6,1
2011-06-21,France,351,2011,6,1
2011-06-21,Germany,272,2011,6,1
2011-06-21,Netherlands,353,2011,6,1
2011-06-21,Norway,582,2011,6,1
2011-06-21,United Kingdom,12588,2011,6,1
2011-06-22,Belgium,211,2011,6,2
2011-06-22,EIRE,590,2011,6,2
2011-06-22,France,658,2011,6,2
2011-06-22,Hong Kong,537,2011,6,2
2011-06-22,Japan,2256,2011,6,2
2011-06-22,Malta,24,2011,6,2
2011-06-22,Norway,1,2011,6,2
2011-06-22,United Kingdom,11563,2011,6,2
2011-06-23,Belgium,294,2011,6,3
2011-06-23,Denmark,358,2011,6,3
2011-06-23,EIRE,188,2011,6,3
2011-06-23,Finland,157,2011,6,3
2011-06-23,Germany,145,2011,6,3
2011-06-23,Sweden,162,2011,6,3
2011-06-23,United Kingdom,13424,2011,6,3
2011-06-24,EIRE,877,2011,6,4
2011-06-24,France,413,2011,6,4
2011-06-24,Germany,73,2011,6,4
2011-06-24,Switzerland,175,2011,6,4
2011-06-24,United Kingdom,8447,2011,6,4
2011-06-26,Germany,15,2011,6,6
2011-06-26,Spain,49,2011,6,6
2011-06-26,Switzerland,408,2011,6,6
2011-06-26,United Kingdom,3314,2011,6,6
2011-06-27,EIRE,393,2011,6,0
2011-06-27,France,119,2011,6,0
2011-06-27,United Kingdom,9398,2011,6,0
2011-06-28,France,109,2011,6,1
2011-06-28,Netherlands,11010,2011,6,1
2011-06-28,United Kingdom,10733,2011,6,1
2011-06-29,EIRE,2566,2011,6,2
2011-06-29,United Kingdom,9505,2011,6,2
2011-06-30,Australia,740,2011,6,3
2011-06-30,Belgium,103,2011,6,3
2011-06-30,EIRE,394,2011,6,3
2011-06-30,Germany,797,2011,6,3
2011-06-30,United Kingdom,19925,2011,6,3
2011-07-01,EIRE,798,2011,7,4
2011-07-01,France,364,2011,7,4
2011-07-01,Germany,61,2011,7,4
2011-07-01,Switzerland,152,2011,7,4
2011-07-01,United Kingdom,6287,2011,7,4
2011-07-03,United Kingdom,3117,2011,7,6
2011-07-04,EIRE,537,2011,7,0
2011-07-04,France,259,2011,7,0
2011-07-04,Germany,865,2011,7,0
2011-07-04,Spain,1506,2011,7,0
2011-07-04,United Kingdom,12545,2011,7,0
2011-07-05,EIRE,21,2011,7,1
2011-07-05,Finland,228,2011,7,1
2011-07-05,France,321,2011,7,1
2011-07-05,United Kingdom,21525,2011,7,1
2011-07-06,Belgium,522,2011,7,2
2011-07-06,France,597,2011,7,2
2011-07-06,Spain,167,2011,7,2
2011-07-06,Sweden,3242,2011,7,2
2011-07-06,United Kingdom,14648,2011,7,2
2011-07-07,Belgium,144,2011,7,3
2011-07-07,Germany,589,2011,7,3
2011-07-07,Spain,227,2011,7,3
2011-07-07,United Kingdom,18197,2011,7,3
2011-07-08,France,662,2011,7,4
2011-07-08,Germany,559,2011,7,4
2011-07-08,Switzerland,282,2011,7,4
2011-07-08,United Kingdom,10754,2011,7,4
2011-07-08,Unspecified,463,2011,7,4
2011-07-10,United Kingdom,4255,2011,7,6
2011-07-11,Canada,1026,2011,7,0
2011-07-11,France,290,2011,7,0
2011-07-11,Greece,244,2011,7,0
2011-07-11,Spain,166,2011,7,0
2011-07-11,United Kingdom,13424,2011,7,0
2011-07-12,Austria,100,2011,7,1
2011-07-12,France,616,2011,7,1
2011-07-12,Germany,569,2011,7,1
2011-07-12,United Kingdom,12673,2011,7,1
2011-07-13,Australia,4332,2011,7,2
2011-07-13,Belgium,13,2011,7,2
2011-07-13,France,667,2011,7,2
2011-07-13,Germany,94,2011,7,2
2011-07-13,Poland,148,2011,7,2
2011-07-13,Portugal,979,2011,7,2
2011-07-13,United Kingdom,10067,2011,7,2
2011-07-14,Australia,429,2011,7,3
2011-07-14,EIRE,866,2011,7,3
2011-07-14,Finland,857,2011,7,3
2011-07-14,Germany,1081,2011,7,3
2011-07-14,Israel,633,2011,7,3
2011-07-14,United Kingdom,13444,2011,7,3
2011-07-14,Unspecified,271,2011,7,3
2011-07-15,Canada,1,2011,7,4
2011-07-15,Germany,416,2011,7,4
2011-07-15,Poland,140,2011,7,4
2011-07-15,United Kingdom,6773,2011,7,4
2011-07-17,France,47,2011,7,6
2011-07-17,Germany,107,2011,7,6
2011-07-17,Switzerland,213,2011,7,6
2011-07-17,United Kingdom,10677,2011,7,6
2011-07-18,EIRE,1353,2011,7,0
2011-07-18,France,921,2011,7,0
2011-07-18,Singapore,2160,2011,7,0
2011-07-18,United Kingdom,10675,2011,7,0
2011-07-19,Australia,271,2011,7,1
2011-07-19,EIRE,7241,2011,7,1
2011-07-19,Finland,188,2011,7,1
2011-07-19,France,33,2011,7,1
2011-07-19,Germany,1422,2011,7,1
2011-07-19,United Kingdom,20022,2011,7,1
2011-07-20,Germany,463,2011,7,2
2011-07-20,Netherlands,10,2011,7,2
2011-07-20,Portugal,457,2011,7,2
2011-07-20,Spain,59,2011,7,2
2011-07-20,United Kingdom,16748,2011,7,2
2011-07-21,EIRE,645,2011,7,3
2011-07-21,European Community,335,2011,7,3
2011-07-21,Germany,826,2011,7,3
2011-07-21,United Kingdom,18173,2011,7,3
2011-07-22,Germany,426,2011,7,4
2011-07-22,Norway,586,2011,7,4
2011-07-22,United Kingdom,9266,2011,7,4
2011-07-24,Australia,214,2011,7,6
2011-07-24,France,236,2011,7,6
2011-07-24,Germany,472,2011,7,6
2011-07-24,Japan,120,2011,7,6
2011-07-24,United Kingdom,16628,2011,7,6
2011-07-25,Denmark,241,2011,7,0
2011-07-25,Germany,742,2011,7,0
2011-07-25,Spain,649,2011,7,0
2011-07-25,Switzerland,411,2011,7,0
2011-07-25,United Kingdom,14057,2011,7,0
2011-07-26,Australia,72,2011,7,1
2011-07-26,EIRE,252,2011,7,1
2011-07-26,Italy,22,2011,7,1
2011-07-26,Switzerland,142,2011,7,1
2011-07-26,United Kingdom,13227,2011,7,1
2011-07-27,Belgium,704,2011,7,2
2011-07-27,EIRE,657,2011,7,2
2011-07-27,France,148,2011,7,2
2011-07-27,Germany,227,2011,7,2
2011-07-27,Japan,2208,2011,7,2
2011-07-27,United Kingdom,10030,2011,7,2
2011-07-28,Austria,473,2011,7,3
2011-07-28,Belgium,296,2011,7,3
2011-07-28,EIRE,2799,2011,7,3
2011-07-28,Germany,177,2011,7,3
2011-07-28,Spain,664,2011,7,3
2011-07-28,United Kingdom,25544,2011,7,3
2011-07-28,Unspecified,319,2011,7,3
2011-07-29,EIRE,286,2011,7,4
2011-07-29,France,503,2011,7,4
2011-07-29,United Kingdom,10824,2011,7,4
2011-07-31,EIRE,6656,2011,7,6
2011-07-31,Sweden,2764,2011,7,6
2011-07-31,Switzerland,628,2011,7,6
2011-07-31,United Kingdom,10830,2011,7,6
2011-08-01,Channel Islands,172,2011,8,0
2011-08-01,Germany,651,2011,8,0
2011-08-01,United Kingdom,10898,2011,8,0
2011-08-02,Belgium,267,2011,8,1
2011-08-02,France,52,2011,8,1
2011-08-02,Germany,726,2011,8,1
2011-08-02,Iceland,277,2011,8,1
2011-08-02,Switzerland,2529,2011,8,1
2011-08-02,United Kingdom,11870,2011,8,1
2011-08-03,France,699,2011,8,2
2011-08-03,Germany,187,2011,8,2
2011-08-03,Poland,137,2011,8,2
2011-08-03,United Kingdom,15498,2011,8,2
2011-08-04,Belgium,190,2011,8,3
2011-08-04,EIRE,2270,2011,8,3
2011-08-04,Finland,145,2011,8,3
2011-08-04,France,281,2011,8,3
2011-08-04,Germany,590,2011,8,3
2011-08-04,Italy,1,2011,8,3
2011-08-04,Spain,185,2011,8,3
2011-08-04,Sweden,960,2011,8,3
2011-08-04,United Kingdom,36526,2011,8,3
2011-08-05,EIRE,744,2011,8,4
2011-08-05,France,486,2011,8,4
2011-08-05,Germany,555,2011,8,4
2011-08-05,Italy,457,2011,8,4
2011-08-05,United Kingdom,10576,2011,8,4
2011-08-07,Germany,60,2011,8,6
2011-08-07,United Kingdom,5126,2011,8,6
2011-08-08,Austria,550,2011,8,0
2011-08-08,EIRE,603,2011,8,0
2011-08-08,Germany,273,2011,8,0
2011-08-08,Sweden,85,2011,8,0
2011-08-08,United Kingdom,11837,2011,8,0
2011-08-09,Germany,35,2011,8,1
2011-08-09,Netherlands,8182,2011,8,1
2011-08-09,United Kingdom,8044,2011,8,1
2011-08-10,Denmark,338,2011,8,2
2011-08-10,EIRE,391,2011,8,2
2011-08-10,France,197,2011,8,2
2011-08-10,Italy,521,2011,8,2
2011-08-10,Norway,68,2011,8,2
2011-08-10,Switzerland,62,2011,8,2
2011-08-10,United Kingdom,12846,2011,8,2
2011-08-11,Belgium,340,2011,8,3
2011-08-11,EIRE,1187,2011,8,3
2011-08-11,Finland,385,2011,8,3
2011-08-11,Netherlands,14730,2011,8,3
2011-08-11,United Kingdom,22612,2011,8,3
2011-08-12,Australia,374,2011,8,4
2011-08-12,Belgium,175,2011,8,4
2011-08-12,EIRE,1045,2011,8,4
2011-08-12,France,180,2011,8,4
2011-08-12,Netherlands,992,2011,8,4
2011-08-12,Norway,568,2011,8,4
2011-08-12,United Kingdom,8644,2011,8,4
2011-08-14,France,3,2011,8,6
2011-08-14,United Kingdom,3177,2011,8,6
2011-08-15,EIRE,580,2011,8,0
2011-08-15,France,607,2011,8,0
2011-08-15,Germany,462,2011,8,0
2011-08-15,Malta,303,2011,8,0
2011-08-15,Portugal,1026,2011,8,0
2011-08-15,United Kingdom,7203,2011,8,0
2011-08-16,Germany,22,2011,8,1
2011-08-16,Spain,82,2011,8,1
2011-08-16,Sweden,72,2011,8,1
2011-08-16,United Kingdom,11021,2011,8,1
2011-08-17,EIRE,843,2011,8,2
2011-08-17,France,400,2011,8,2
2011-08-17,Germany,372,2011,8,2
2011-08-17,Spain,158,2011,8,2
2011-08-17,United Kingdom,23930,2011,8,2
2011-08-18,Australia,12196,2011,8,3
2011-08-18,EIRE,38,2011,8,3
2011-08-18,France,463,2011,8,3
2011-08-18,Israel,3028,2011,8,3
2011-08-18,United Kingdom,18364,2011,8,3
2011-08-19,Austria,240,2011,8,4
2011-08-19,Belgium,590,2011,8,4
2011-08-19,EIRE,644,2011,8,4
2011-08-19,France,462,2011,8,4
2011-08-19,Germany,325,2011,8,4
2011-08-19,Switzerland,407,2011,8,4
2011-08-19,United Kingdom,8004,2011,8,4
2011-08-21,Channel Islands,800,2011,8,6
2011-08-21,EIRE,148,2011,8,6
2011-08-21,France,270,2011,8,6
2011-08-21,Germany,187,2011,8,6
2011-08-21,Spain,3,2011,8,6
2011-08-21,United Kingdom,6761,2011,8,6
2011-08-22,Germany,1063,2011,8,0
2011-08-22,Malta,79,2011,8,0
2011-08-22,United Kingdom,14229,2011,8,0
2011-08-22,Unspecified,185,2011,8,0
2011-08-23,Channel Islands,1037,2011,8,1
2011-08-23,EIRE,735,2011,8,1
2011-08-23,France,460,2011,8,1
2011-08-23,Germany,365,2011,8,1
2011-08-23,Hong Kong,736,2011,8,1
2011-08-23,Netherlands,288,2011,8,1
2011-08-23,United Kingdom,11560,2011,8,1
2011-08-24,France,246,2011,8,2
2011-08-24,Germany,1333,2011,8,2
2011-08-24,Spain,317,2011,8,2
2011-08-24,United Kingdom,27605,2011,8,2
2011-08-25,Belgium,358,2011,8,3
2011-08-25,Canada,52,2011,8,3
2011-08-25,France,1314,2011,8,3
2011-08-25,Germany,399,2011,8,3
2011-08-25,Italy,168,2011,8,3
2011-08-25,Sweden,197,2011,8,3
2011-08-25,United Kingdom,10852,2011,8,3
2011-08-26,EIRE,849,2011,8,4
2011-08-26,Finland,163,2011,8,4
2011-08-26,France,694,2011,8,4
2011-08-26,Germany,260,2011,8,4
2011-08-26,Netherlands,5108,2011,8,4
2011-08-26,United Kingdom,10076,2011,8,4
2011-08-28,Spain,800,2011,8,6
2011-08-28,United Kingdom,5974,2011,8,6
2011-08-30,Germany,133,2011,8,1
2011-08-30,Poland,49,2011,8,1
2011-08-30,United Kingdom,10062,2011,8,1
2011-08-31,Belgium,149,2011,8,2
2011-08-31,France,1144,2011,8,2
2011-08-31,Germany,1643,2011,8,2
2011-08-31,Spain,55,2011,8,2
2011-08-31,United Kingdom,9463,2011,8,2
2011-09-01,Australia,2836,2011,9,3
2011-09-01,EIRE,2184,2011,9,3
2011-09-01,Norway,211,2011,9,3
2011-09-01,United Arab Emirates,485,2011,9,3
2011-09-01,United Kingdom,22141,2011,9,3
2011-09-02,Belgium,310,2011,9,4
2011-09-02,EIRE,163,2011,9,4
2011-09-02,Finland,87,2011,9,4
2011-09-02,France,427,2011,9,4
2011-09-02,Germany,314,2011,9,4
2011-09-02,Portugal,227,2011,9,4
2011-09-02,Sweden,163,2011,9,4
2011-09-02,United Kingdom,16535,2011,9,4
2011-09-02,Unspecified,258,2011,9,4
2011-09-04,EIRE,1272,2011,9,6
2011-09-04,France,509,2011,9,6
2011-09-04,Germany,1608,2011,9,6
2011-09-04,United Kingdom,7574,2011,9,6
2011-09-05,Australia,82,2011,9,0
2011-09-05,EIRE,5491,2011,9,0
2011-09-05,France,334,2011,9,0
2011-09-05,Poland,253,2011,9,0
2011-09-05,Spain,234,2011,9,0
2011-09-05,United Kingdom,16499,2011,9,0
2011-09-06,EIRE,1285,2011,9,1
2011-09-06,Germany,676,2011,9,1
2011-09-06,Switzerland,5,2011,9,1
2011-09-06,United Kingdom,13124,2011,9,1
2011-09-07,EIRE,1877,2011,9,2
2011-09-07,France,1637,2011,9,2
2011-09-07,United Kingdom,12876,2011,9,2
2011-09-08,EIRE,950,2011,9,3
2011-09-08,France,860,2011,9,3
2011-09-08,Germany,666,2011,9,3
2011-09-08,Netherlands,1013,2011,9,3
2011-09-08,Spain,243,2011,9,3
2011-09-08,United Kingdom,13734,2011,9,3
2011-09-09,Belgium,372,2011,9,4
2011-09-09,France,1116,2011,9,4
2011-09-09,Israel,233,2011,9,4
2011-09-09,Netherlands,145,2011,9,4
2011-09-09,Norway,1849,2011,9,4
2011-09-09,United Kingdom,13690,2011,9,4
2011-09-11,France,43,2011,9,6
2011-09-11,Germany,1052,2011,9,6
2011-09-11,United Kingdom,20051,2011,9,6
2011-09-12,United Kingdom,16939,2011,9,0
2011-09-13,Finland,73,2011,9,1
2011-09-13,France,73,2011,9,1
2011-09-13,Germany,213,2011,9,1
2011-09-13,Netherlands,4951,2011,9,1
2011-09-13,Sweden,4072,2011,9,1
2011-09-13,United Kingdom,27166,2011,9,1
2011-09-14,EIRE,734,2011,9,2
2011-09-14,France,438,2011,9,2
2011-09-14,Germany,265,2011,9,2
2011-09-14,Japan,144,2011,9,2
2011-09-14,Switzerland,376,2011,9,2
2011-09-14,United Kingdom,12234,2011,9,2
2011-09-15,EIRE,311,2011,9,3
2011-09-15,France,1231,2011,9,3
2011-09-15,Norway,178,2011,9,3
2011-09-15,Switzerland,4,2011,9,3
2011-09-15,United Kingdom,27585,2011,9,3
2011-09-16,Australia,317,2011,9,4
2011-09-16,Germany,483,2011,9,4
2011-09-16,United Kingdom,14252,2011,9,4
2011-09-18,United Kingdom,8994,2011,9,6
2011-09-19,Belgium,196,2011,9,0
2011-09-19,Channel Islands,583,2011,9,0
2011-09-19,Cyprus,33,2011,9,0
2011-09-19,EIRE,166,2011,9,0
2011-09-19,France,847,2011,9,0
2011-09-19,Germany,1659,2011,9,0
2011-09-19,Hong Kong,1,2011,9,0
2011-09-19,Netherlands,10649,2011,9,0
2011-09-19,Norway,2262,2011,9,0
2011-09-19,Spain,565,2011,9,0
2011-09-19,United Kingdom,12306,2011,9,0
2011-09-20,EIRE,957,2011,9,1
2011-09-20,France,306,2011,9,1
2011-09-20,Germany,104,2011,9,1
2011-09-20,Italy,48,2011,9,1
2011-09-20,Norway,103,2011,9,1
2011-09-20,United Kingdom,42208,2011,9,1
2011-09-21,Belgium,353,2011,9,2
2011-09-21,Denmark,1176,2011,9,2
2011-09-21,EIRE,94,2011,9,2
2011-09-21,France,821,2011,9,2
2011-09-21,Germany,772,2011,9,2
2011-09-21,Spain,569,2011,9,2
2011-09-21,Switzerland,1,2011,9,2
2011-09-21,United Kingdom,18544,2011,9,2
2011-09-22,Belgium,471,2011,9,3
2011-09-22,EIRE,808,2011,9,3
2011-09-22,Finland,138,2011,9,3
2011-09-22,France,1204,2011,9,3
2011-09-22,Germany,333,2011,9,3
2011-09-22,Netherlands,551,2011,9,3
2011-09-22,Portugal,496,2011,9,3
2011-09-22,Switzerland,2408,2011,9,3
2011-09-22,United Arab Emirates,1,2011,9,3
2011-09-22,United Kingdom,26801,2011,9,3
2011-09-23,EIRE,1959,2011,9,4
2011-09-23,France,479,2011,9,4
2011-09-23,Germany,1712,2011,9,4
2011-09-23,Spain,572,2011,9,4
2011-09-23,United Kingdom,17164,2011,9,4
2011-09-25,Australia,478,2011,9,6
2011-09-25,Finland,217,2011,9,6
2011-09-25,France,281,2011,9,6
2011-09-25,Portugal,176,2011,9,6
2011-09-25,Spain,177,2011,9,6
2011-09-25,United Kingdom,18175,2011,9,6
2011-09-26,Channel Islands,181,2011,9,0
2011-09-26,Denmark,230,2011,9,0
2011-09-26,EIRE,480,2011,9,0
2011-09-26,Germany,262,2011,9,0
2011-09-26,United Kingdom,14170,2011,9,0
2011-09-27,EIRE,202,2011,9,1
2011-09-27,France,65,2011,9,1
2011-09-27,Germany,210,2011,9,1
2011-09-27,Spain,323,2011,9,1
2011-09-27,United Kingdom,20459,2011,9,1
2011-09-28,Australia,366,2011,9,2
2011-09-28,Belgium,267,2011,9,2
2011-09-28,EIRE,1028,2011,9,2
2011-09-28,France,268,2011,9,2
2011-09-28,Germany,165,2011,9,2
2011-09-28,Norway,52,2011,9,2
2011-09-28,Switzerland,1225,2011,9,2
2011-09-28,United Kingdom,22188,2011,9,2
2011-09-29,Denmark,202,2011,9,3
2011-09-29,France,992,2011,9,3
2011-09-29,Germany,485,2011,9,3
2011-09-29,Switzerland,236,2011,9,3
2011-09-29,United Kingdom,25558,2011,9,3
2011-09-30,EIRE,3125,2011,9,4
2011-09-30,France,1071,2011,9,4
2011-09-30,Germany,177,2011,9,4
2011-09-30,Sweden,109,2011,9,4
2011-09-30,United Kingdom,18073,2011,9,4
2011-10-02,United Kingdom,8385,2011,10,6
2011-10-03,France,158,2011,10,0
2011-10-03,United Kingdom,25827,2011,10,0
2011-10-04,Belgium,118,2011,10,1
2011-10-04,Cyprus,33,2011,10,1
2011-10-04,Finland,73,2011,10,1
2011-10-04,France,115,2011,10,1
2011-10-04,Israel,99,2011,10,1
2011-10-04,United Kingdom,24960,2011,10,1
2011-10-05,Australia,7135,2011,10,2
2011-10-05,Channel Islands,1095,2011,10,2
2011-10-05,France,1242,2011,10,2
2011-10-05,Germany,2151,2011,10,2
2011-10-05,Netherlands,4,2011,10,2
2011-10-05,Switzerland,1650,2011,10,2
2011-10-05,United Kingdom,33009,2011,10,2
2011-10-06,Australia,266,2011,10,3
2011-10-06,EIRE,229,2011,10,3
2011-10-06,France,29,2011,10,3
2011-10-06,Germany,2475,2011,10,3
2011-10-06,Netherlands,357,2011,10,3
2011-10-06,Portugal,1123,2011,10,3
2011-10-06,United Kingdom,30954,2011,10,3
2011-10-07,Cyprus,345,2011,10,4
2011-10-07,Czech Republic,325,2011,10,4
2011-10-07,Denmark,637,2011,10,4
2011-10-07,EIRE,448,2011,10,4
2011-10-07,France,527,2011,10,4
2011-10-07,Germany,2053,2011,10,4
2011-10-07,Netherlands,212,2011,10,4
2011-10-07,Spain,227,2011,10,4
2011-10-07,United Kingdom,26194,2011,10,4
2011-10-09,United Kingdom,7556,2011,10,6
2011-10-10,Belgium,196,2011,10,0
2011-10-10,EIRE,1018,2011,10,0
2011-10-10,France,221,2011,10,0
2011-10-10,Germany,114,2011,10,0
2011-10-10,USA,1228,2011,10,0
2011-10-10,United Kingdom,23408,2011,10,0
2011-10-11,Belgium,162,2011,10,1
2011-10-11,Denmark,136,2011,10,1
2011-10-11,EIRE,2206,2011,10,1
2011-10-11,France,2801,2011,10,1
2011-10-11,Germany,567,2011,10,1
2011-10-11,Norway,1,2011,10,1
2011-10-11,Portugal,556,2011,10,1
2011-10-11,Switzerland,582,2011,10,1
2011-10-11,United Kingdom,21478,2011,10,1
2011-10-12,EIRE,1041,2011,10,2
2011-10-12,Finland,469,2011,10,2
2011-10-12,France,656,2011,10,2
2011-10-12,Germany,773,2011,10,2
2011-10-12,Norway,86,2011,10,2
2011-10-12,Switzerland,337,2011,10,2
2011-10-12,United Kingdom,14324,2011,10,2
2011-10-13,Belgium,1290,2011,10,3
2011-10-13,Cyprus,657,2011,10,3
2011-10-13,Finland,236,2011,10,3
2011-10-13,France,124,2011,10,3
2011-10-13,Germany,954,2011,10,3
2011-10-13,Italy,60,2011,10,3
2011-10-13,Portugal,884,2011,10,3
2011-10-13,RSA,351,2011,10,3
2011-10-13,United Kingdom,14215,2011,10,3
2011-10-14,Belgium,229,2011,10,4
2011-10-14,Channel Islands,312,2011,10,4
2011-10-14,EIRE,353,2011,10,4
2011-10-14,France,234,2011,10,4
2011-10-14,Germany,496,2011,10,4
2011-10-14,Portugal,215,2011,10,4
2011-10-14,Singapore,599,2011,10,4
2011-10-14,Spain,1006,2011,10,4
2011-10-14,Sweden,1,2011,10,4
2011-10-14,United Kingdom,14715,2011,10,4
2011-10-16,United Kingdom,8770,2011,10,6
2011-10-17,Belgium,199,2011,10,0
2011-10-17,EIRE,2621,2011,10,0
2011-10-17,Germany,2798,2011,10,0
2011-10-17,Portugal,367,2011,10,0
2011-10-17,Sweden,5952,2011,10,0
2011-10-17,United Kingdom,19467,2011,10,0
2011-10-18,Austria,491,2011,10,1
2011-10-18,EIRE,625,2011,10,1
2011-10-18,Germany,725,2011,10,1
2011-10-18,Hong Kong,236,2011,10,1
2011-10-18,Italy,846,2011,10,1
2011-10-18,Netherlands,272,2011,10,1
2011-10-18,Spain,724,2011,10,1
2011-10-18,United Kingdom,25401,2011,10,1
2011-10-19,Cyprus,380,2011,10,2
2011-10-19,EIRE,711,2011,10,2
2011-10-19,France,733,2011,10,2
2011-10-19,Germany,1923,2011,10,2
2011-10-19,Portugal,5,2011,10,2
2011-10-19,Singapore,2,2011,10,2
2011-10-19,Spain,318,2011,10,2
2011-10-19,United Kingdom,15187,2011,10,2
2011-10-20,EIRE,4953,2011,10,3
2011-10-20,France,530,2011,10,3
2011-10-20,Germany,711,2011,10,3
2011-10-20,Netherlands,18140,2011,10,3
2011-10-20,Spain,192,2011,10,3
2011-10-20,United Kingdom,16393,2011,10,3
2011-10-21,Belgium,179,2011,10,4
2011-10-21,Denmark,96,2011,10,4
2011-10-21,EIRE,901,2011,10,4
2011-10-21,Germany,270,2011,10,4
2011-10-21,Netherlands,2476,2011,10,4
2011-10-21,USA,489,2011,10,4
2011-10-21,United Kingdom,20381,2011,10,4
2011-10-23,United Kingdom,7073,2011,10,6
2011-10-24,EIRE,221,2011,10,0
2011-10-24,Italy,289,2011,10,0
2011-10-24,Spain,158,2011,10,0
2011-10-24,United Kingdom,25522,2011,10,0
2011-10-25,Germany,428,2011,10,1
2011-10-25,Italy,251,2011,10,1
2011-10-25,Portugal,136,2011,10,1
2011-10-25,Switzerland,1394,2011,10,1
2011-10-25,United Kingdom,24745,2011,10,1
2011-10-26,Belgium,213,2011,10,2
2011-10-26,Germany,24,2011,10,2
2011-10-26,Japan,1124,2011,10,2
2011-10-26,Spain,243,2011,10,2
2011-10-26,Switzerland,569,2011,10,2
2011-10-26,United Kingdom,18648,2011,10,2
2011-10-27,Finland,284,2011,10,3
2011-10-27,France,566,2011,10,3
2011-10-27,Germany,247,2011,10,3
2011-10-27,Italy,4,2011,10,3
2011-10-27,Netherlands,5769,2011,10,3
2011-10-27,Norway,1231,2011,10,3
2011-10-27,United Kingdom,24799,2011,10,3
2011-10-28,Belgium,168,2011,10,4
2011-10-28,France,5246,2011,10,4
2011-10-28,Germany,536,2011,10,4
2011-10-28,Hong Kong,146,2011,10,4
2011-10-28,Norway,374,2011,10,4
2011-10-28,Switzerland,334,2011,10,4
2011-10-28,United Kingdom,17261,2011,10,4
2011-10-30,Belgium,268,2011,10,6
2011-10-30,EIRE,185,2011,10,6
2011-10-30,France,209,2011,10,6
2011-10-30,Italy,62,2011,10,6
2011-10-30,Spain,1484,2011,10,6
2011-10-30,Sweden,198,2011,10,6
2011-10-30,United Kingdom,17662,2011,10,6
2011-10-31,Belgium,148,2011,10,0
2011-10-31,EIRE,392,2011,10,0
2011-10-31,Finland,53,2011,10,0
2011-10-31,France,416,2011,10,0
2011-10-31,Germany,495,2011,10,0
2011-10-31,Iceland,676,2011,10,0
2011-10-31,Italy,85,2011,10,0
2011-10-31,United Kingdom,19299,2011,10,0
2011-11-01,EIRE,894,2011,11,1
2011-11-01,France,1032,2011,11,1
2011-11-01,Italy,3,2011,11,1
2011-11-01,United Kingdom,14664,2011,11,1
2011-11-02,Australia,216,2011,11,2
2011-11-02,France,291,2011,11,2
2011-11-02,Germany,64,2011,11,2
2011-11-02,Italy,48,2011,11,2
2011-11-02,Netherlands,2732,2011,11,2
2011-11-02,Poland,639,2011,11,2
2011-11-02,United Kingdom,24577,2011,11,2
2011-11-03,Australia,192,2011,11,3
2011-11-03,France,1037,2011,11,3
2011-11-03,Germany,417,2011,11,3
2011-11-03,Norway,127,2011,11,3
2011-11-03,Portugal,80,2011,11,3
2011-11-03,Spain,136,2011,11,3
2011-11-03,United Kingdom,32398,2011,11,3
2011-11-04,Australia,336,2011,11,4
2011-11-04,Belgium,769,2011,11,4
2011-11-04,Finland,326,2011,11,4
2011-11-04,France,338,2011,11,4
2011-11-04,Poland,302,2011,11,4
2011-11-04,Spain,327,2011,11,4
2011-11-04,United Kingdom,32938,2011,11,4
2011-11-06,Channel Islands,638,2011,11,6
2011-11-06,Germany,887,2011,11,6
2011-11-06,Norway,146,2011,11,6
2011-11-06,Sweden,577,2011,11,6
2011-11-06,Switzerland,2708,2011,11,6
2011-11-06,United Kingdom,18353,2011,11,6
2011-11-07,Belgium,365,2011,11,0
2011-11-07,EIRE,768,2011,11,0
2011-11-07,France,292,2011,11,0
2011-11-07,Germany,277,2011,11,0
2011-11-07,Portugal,89,2011,11,0
2011-11-07,Spain,5,2011,11,0
2011-11-07,United Kingdom,29584,2011,11,0
2011-11-08,Belgium,246,2011,11,1
2011-11-08,France,870,2011,11,1
2011-11-08,Spain,239,2011,11,1
2011-11-08,United Kingdom,25099,2011,11,1
2011-11-09,EIRE,580,2011,11,2
2011-11-09,France,499,2011,11,2
2011-11-09,Germany,87,2011,11,2
2011-11-09,United Kingdom,37103,2011,11,2
2011-11-10,EIRE,496,2011,11,3
2011-11-10,France,1347,2011,11,3
2011-11-10,Germany,165,2011,11,3
2011-11-10,Netherlands,7786,2011,11,3
2011-11-10,Spain,452,2011,11,3
2011-11-10,United Kingdom,27946,2011,11,3
2011-11-11,EIRE,1252,2011,11,4
2011-11-11,France,1836,2011,11,4
2011-11-11,Germany,1598,2011,11,4
2011-11-11,Portugal,166,2011,11,4
2011-11-11,Sweden,149,2011,11,4
2011-11-11,Switzerland,64,2011,11,4
2011-11-11,United Kingdom,23997,2011,11,4
2011-11-13,Austria,375,2011,11,6
2011-11-13,EIRE,2643,2011,11,6
2011-11-13,France,69,2011,11,6
2011-11-13,United Kingdom,17753,2011,11,6
2011-11-14,Austria,342,2011,11,0
2011-11-14,EIRE,206,2011,11,0
2011-11-14,Finland,150,2011,11,0
2011-11-14,France,894,2011,11,0
2011-11-14,Germany,239,2011,11,0
2011-11-14,Hong Kong,1,2011,11,0
2011-11-14,Portugal,225,2011,11,0
2011-11-14,Sweden,1060,2011,11,0
2011-11-14,United Kingdom,44236,2011,11,0
2011-11-15,Australia,3130,2011,11,1
2011-11-15,EIRE,1206,2011,11,1
2011-11-15,France,481,2011,11,1
2011-11-15,Germany,596,2011,11,1
2011-11-15,Sweden,67,2011,11,1
2011-11-15,United Kingdom,24903,2011,11,1
2011-11-16,EIRE,3082,2011,11,2
2011-11-16,France,687,2011,11,2
2011-11-16,Germany,2185,2011,11,2
2011-11-16,Netherlands,147,2011,11,2
2011-11-16,United Kingdom,26812,2011,11,2
2011-11-16,Unspecified,188,2011,11,2
2011-11-17,Belgium,534,2011,11,3
2011-11-17,Channel Islands,78,2011,11,3
2011-11-17,Denmark,1025,2011,11,3
2011-11-17,EIRE,631,2011,11,3
2011-11-17,Finland,183,2011,11,3
2011-11-17,France,1611,2011,11,3
2011-11-17,Germany,1373,2011,11,3
2011-11-17,Italy,169,2011,11,3
2011-11-17,Japan,2210,2011,11,3
2011-11-17,Malta,186,2011,11,3
2011-11-17,Portugal,5,2011,11,3
2011-11-17,Spain,508,2011,11,3
2011-11-17,United Kingdom,23238,2011,11,3
2011-11-18,Belgium,315,2011,11,4
2011-11-18,Cyprus,300,2011,11,4
2011-11-18,EIRE,296,2011,11,4
2011-11-18,France,550,2011,11,4
2011-11-18,Germany,493,2011,11,4
2011-11-18,Italy,544,2011,11,4
2011-11-18,Netherlands,34,2011,11,4
2011-11-18,Norway,240,2011,11,4
2011-11-18,Switzerland,669,2011,11,4
2011-11-18,United Kingdom,20555,2011,11,4
2011-11-20,Belgium,125,2011,11,6
2011-11-20,EIRE,440,2011,11,6
2011-11-20,France,298,2011,11,6
2011-11-20,Germany,53,2011,11,6
2011-11-20,Netherlands,155,2011,11,6
2011-11-20,Spain,477,2011,11,6
2011-11-20,United Kingdom,17868,2011,11,6
2011-11-21,EIRE,626,2011,11,0
2011-11-21,France,271,2011,11,0
2011-11-21,Germany,323,2011,11,0
2011-11-21,Italy,631,2011,11,0
2011-11-21,Portugal,68,2011,11,0
2011-11-21,Spain,249,2011,11,0
2011-11-21,United Kingdom,23610,2011,11,0
2011-11-22,Belgium,185,2011,11,1
2011-11-22,EIRE,1485,2011,11,1
2011-11-22,France,361,2011,11,1
2011-11-22,Germany,562,2011,11,1
2011-11-22,Italy,142,2011,11,1
2011-11-22,Netherlands,514,2011,11,1
2011-11-22,Sweden,120,2011,11,1
2011-11-22,United Kingdom,32117,2011,11,1
2011-11-23,EIRE,60,2011,11,2
2011-11-23,Finland,73,2011,11,2
2011-11-23,France,219,2011,11,2
2011-11-23,Germany,574,2011,11,2
2011-11-23,Italy,526,2011,11,2
2011-11-23,Netherlands,7244,2011,11,2
2011-11-23,Spain,920,2011,11,2
2011-11-23,Switzerland,185,2011,11,2
2011-11-23,United Kingdom,29619,2011,11,2
2011-11-24,Australia,224,2011,11,3
2011-11-24,EIRE,143,2011,11,3
2011-11-24,France,959,2011,11,3
2011-11-24,Germany,1930,2011,11,3
2011-11-24,Portugal,458,2011,11,3
2011-11-24,Spain,77,2011,11,3
2011-11-24,United Kingdom,22263,2011,11,3
2011-11-24,Unspecified,453,2011,11,3
2011-11-25,EIRE,92,2011,11,4
2011-11-25,France,828,2011,11,4
2011-11-25,Germany,45,2011,11,4
2011-11-25,Norway,594,2011,11,4
2011-11-25,United Kingdom,17438,2011,11,4
2011-11-27,EIRE,225,2011,11,6
2011-11-27,United Kingdom,10947,2011,11,6
2011-11-28,EIRE,945,2011,11,0
2011-11-28,France,907,2011,11,0
2011-11-28,Germany,685,2011,11,0
2011-11-28,United Kingdom,26929,2011,11,0
2011-11-29,Belgium,21,2011,11,1
2011-11-29,Finland,91,2011,11,1
2011-11-29,France,645,2011,11,1
2011-11-29,Germany,639,2011,11,1
2011-11-29,Japan,2040,2011,11,1
2011-11-29,Spain,117,2011,11,1
2011-11-29,Switzerland,151,2011,11,1
2011-11-29,United Kingdom,27200,2011,11,1
2011-11-30,Denmark,512,2011,11,2
2011-11-30,EIRE,587,2011,11,2
2011-11-30,Finland,264,2011,11,2
2011-11-30,France,1567,2011,11,2
2011-11-30,Germany,261,2011,11,2
2011-11-30,Netherlands,51,2011,11,2
2011-11-30,Norway,2299,2011,11,2
2011-11-30,Portugal,2,2011,11,2
2011-11-30,United Kingdom,22845,2011,11,2
2011-12-01,EIRE,565,2011,12,3
2011-12-01,Finland,218,2011,12,3
2011-12-01,France,492,2011,12,3
2011-12-01,Germany,247,2011,12,3
2011-12-01,United Kingdom,25529,2011,12,3
2011-12-02,Belgium,502,2011,12,4
2011-12-02,Finland,132,2011,12,4
2011-12-02,France,800,2011,12,4
2011-12-02,Germany,9,2011,12,4
2011-12-02,Portugal,1032,2011,12,4
2011-12-02,USA,196,2011,12,4
2011-12-02,United Kingdom,26126,2011,12,4
2011-12-04,EIRE,534,2011,12,6
2011-12-04,France,542,2011,12,6
2011-12-04,Germany,504,2011,12,6
2011-12-04,United Kingdom,10830,2011,12,6
2011-12-05,Channel Islands,60,2011,12,0
2011-12-05,Denmark,173,2011,12,0
2011-12-05,EIRE,219,2011,12,0
2011-12-05,France,477,2011,12,0
2011-12-05,Germany,154,2011,12,0
2011-12-05,Norway,92,2011,12,0
2011-12-05,Portugal,128,2011,12,0
2011-12-05,Sweden,40,2011,12,0
2011-12-05,USA,408,2011,12,0
2011-12-05,United Kingdom,42827,2011,12,0
2011-12-06,Belgium,396,2011,12,1
2011-12-06,France,787,2011,12,1
2011-12-06,Greece,236,2011,12,1
2011-12-06,Italy,45,2011,12,1
2011-12-06,Portugal,267,2011,12,1
2011-12-06,Spain,182,2011,12,1
2011-12-06,United Kingdom,28555,2011,12,1
2011-12-07,EIRE,1998,2011,12,2
2011-12-07,France,561,2011,12,2
2011-12-07,Germany,1220,2011,12,2
2011-12-07,Iceland,192,2011,12,2
2011-12-07,Netherlands,7818,2011,12,2
2011-12-07,Portugal,142,2011,12,2
2011-12-07,Spain,92,2011,12,2
2011-12-07,United Kingdom,29857,2011,12,2
2011-12-08,Austria,148,2011,12,3
2011-12-08,EIRE,806,2011,12,3
2011-12-08,France,21,2011,12,3
2011-12-08,Germany,992,2011,12,3
2011-12-08,Netherlands,140,2011,12,3
2011-12-08,United Kingdom,32978,2011,12,3
2011-12-09,Belgium,203,2011,12,4
2011-12-09,France,105,2011,12,4
2011-12-09,Germany,880,2011,12,4
2011-12-09,Norway,2227,2011,12,4
2011-12-09,United Kingdom,90564,2011,12,4
